pe,tasks,imem_static_B,imem_size_B,dmem_static_B,dmem_size_B,total_static_B,detail,imem_measured_B,dmem_measured_B,stack_B,total_measured_B,total_measured_MB
0x0,MAestro p9 mapper_task,38202,12582912,1119884,12582912,1158086,"MAestro:i=16550B,d=4176B; p9:i=11260B,d=1113396B; mapper_task:i=10392B,d=2312B",45056,1146880,12288,1191936,1.192
1x0,MAestro p8,26342,12582912,847636,12582912,873978,"MAestro:i=16550B,d=4176B; p8:i=9792B,d=843460B",32768,884736,8192,917504,0.918
2x0,MAestro p7,27746,12582912,873476,12582912,901222,"MAestro:i=16550B,d=4176B; p7:i=11196B,d=869300B",32768,995328,8192,1028096,1.028
0x1,MAestro p4,26322,12582912,1007764,12582912,1034086,"MAestro:i=16550B,d=4176B; p4:i=9772B,d=1003588B",32768,1130496,8192,1163264,1.163
1x1,MAestro p5,27494,12582912,849028,12582912,876522,"MAestro:i=16550B,d=4176B; p5:i=10944B,d=844852B",32768,1101824,8192,1134592,1.135
2x1,MAestro p6,26334,12582912,627220,12582912,653554,"MAestro:i=16550B,d=4176B; p6:i=9784B,d=623044B",32768,692224,8192,724992,0.725
0x2,MAestro p3,27018,12582912,772516,12582912,799534,"MAestro:i=16550B,d=4176B; p3:i=10468B,d=768340B",32768,1748992,8192,1781760,1.782
1x2,MAestro p2,27018,12582912,574756,12582912,601774,"MAestro:i=16550B,d=4176B; p2:i=10468B,d=570580B",32768,1028096,8192,1060864,1.061
2x2,MAestro p1,27182,12582912,626708,12582912,653890,"MAestro:i=16550B,d=4176B; p1:i=10632B,d=622532B",32768,1224704,8192,1257472,1.257
